{"mean": [39.37315349157956, 31.25633574695122, 15.80749355763647, 3.6044366107723578, 12.965721635452962, 631.6162227787459, 14.480867995063878, 0.567681112078978, 0.3372668045876887, 0.3382876016260163, 0.19759001161440184, 0.4004473359465738], "scale": [12.442355378487592, 17.255707813258432, 8.586231906503338, 3.0702143953875822, 8.258053151045662, 240.80272799709104, 8.596197933037589, 0.4953980894873868, 0.4727768047513526, 0.4731269387935271, 0.3981811132193772, 0.4899890479182832]}